<?xml version="1.0" encoding="UTF-8"?>
<jcr:root xmlns:jcr="http://www.jcp.org/jcr/1.0" xmlns:rep="internal" xmlns:sling="http://sling.apache.org/jcr/sling/1.0"
    jcr:mixinTypes="[rep:AccessControllable]"
    jcr:primaryType="sling:OrderedFolder">
    <dummy-image-place-holder-library/>
    <jcr:content/>
    <temp-assets/>
    <discover-learn/>
    <products/>
    <marketing-documents/>
    <general/>
    <documents/>
    <promotions/>
    <processed-assets/>
    <tds-templates/>
    <errorpages/>
    <favicon.png/>
    <support/>
    <resources-and-tools/>
    <ScientificResources/>
    <campaigns/>
    <home/>
    <script/>
    <tools/>
    <reptool/>
    <product-announcement/>
    <BD-LSR-Fortessa-X20-and-BD-FACSCelesta-Operator-Course.pdf/>
    <missing-tds/>
    <synonyms/>
    <rep:policy/>
    <misc/>
    <bdb-news-assets/>
    <internal/>
    <BD-CSampler-Plus-Installation-Guide.pdf/>
    <solutions/>
    <archive-processed-product-documents/>
    <test/>
    <sv/>
    <gated/>
    <script-mcp/>
    <bdb-design-guide/>
    <groovy-inputs/>
    <node-folder/>
    <on_demand_json_prod/>
    <flatfile-image-metadata/>
    <robots.txt/>
</jcr:root>
